Use ASM2
INSERT INTO USERS(UserID, UserName, Password)
VALUES('US001', 'TRAN HUYNH THANH TRUC', 'FX12345')
INSERT INTO USERS(UserID, UserName, Password)
VALUES('US002', 'NGO HOAN MY', '23456FX')
INSERT INTO USERS(UserID, UserName)
VALUES('US003', 'HUYNH MAI VY')
INSERT INTO USERS(UserID, UserName, Password)
VALUES('US004', 'DUONG THIEN KIM', 'CVL34567')
INSERT INTO USERS(UserID, UserName, Password)
VALUES('US005', 'KIM BAO NGUYEN', '45678CVL')
INSERT INTO USERS(UserID, UserName, Password)
VALUES('US006', 'DO KHANH HUYEN', 'D1202142')
INSERT INTO USERS(UserID, UserName)
VALUES('US007', 'PHAN XUAN')
INSERT INTO USERS(UserID, UserName, Password)
VALUES('US008', 'LE NGUYEN', '202311A4')
INSERT INTO USERS(UserID, UserName)
VALUES('US009', 'NGUYEN THANH ĐAT')
INSERT INTO USERS(UserID, UserName, Password)
VALUES('US010', 'QUANG TRINH', 'FX05421')

INSERT INTO MANAGER(ManagerID, ManagerName, AmountAuthor)
VALUES('QL01', 'THU HOAI', 30)
UPDATE MANAGER SET PostDate = '2021-06-26' WHERE ManagerID = 'QL01'
INSERT INTO MANAGER(ManagerID, ManagerName, AmountAuthor)
VALUES('QL02', 'HOAI PHƯƠNG', 40)
UPDATE MANAGER SET PostDate = '2021-06-20' WHERE ManagerID = 'QL02'
INSERT INTO MANAGER(ManagerID, ManagerName, AmountAuthor)
VALUES('QL03', 'TO MINH', 20)
UPDATE MANAGER SET PostDate = '2021-07-04' WHERE ManagerID = 'QL03'
INSERT INTO MANAGER(ManagerID, ManagerName)
VALUES('QL04', 'GIA MINH')
INSERT INTO MANAGER(ManagerID, ManagerName, AmountAuthor)
VALUES('QL05', 'MINH TRANG', 25)
UPDATE MANAGER SET PostDate = '2021-07-03' WHERE ManagerID = 'QL05'
INSERT INTO MANAGER(ManagerID, ManagerName, AmountAuthor)
VALUES('QL06', 'LE THAI', 30)
UPDATE MANAGER SET PostDate = '2021-06-30' WHERE ManagerID = 'QL06'
INSERT INTO MANAGER(ManagerID, ManagerName)
VALUES('QL07', 'HOANG OANH')
INSERT INTO MANAGER(ManagerID, ManagerName, AmountAuthor)
VALUES('QL08', 'NGOC NGOC', 42)
UPDATE MANAGER SET PostDate = '2021-07-02' WHERE ManagerID = 'QL08'
INSERT INTO MANAGER(ManagerID, ManagerName, AmountAuthor)
VALUES('QL09', 'BAO TRAN', 40)
UPDATE MANAGER SET PostDate = '2021-07-01' WHERE ManagerID = 'QL09'
INSERT INTO MANAGER(ManagerID, ManagerName)
VALUES('QL10', 'LAN HUONG')

INSERT INTO AUTHOR(AuthorID, AuthorName, Place, ManagerID)
VALUES('TG01', 'QUANG SANG', 'HO CHI MINH', 'QL01')
INSERT INTO AUTHOR(AuthorID, AuthorName, Place, ManagerID)
VALUES('TG02', 'LAM PHUONG', 'CAN THO', 'QL03')
INSERT INTO AUTHOR(AuthorID, AuthorName, Place, ManagerID)
VALUES('TG03', 'HUYEN TRANG', 'TUYEN QUANG', 'QL05')
INSERT INTO AUTHOR(AuthorID, AuthorName, ManagerID)
VALUES('TG04', 'HA TRINH', 'QL07')
INSERT INTO AUTHOR(AuthorID, AuthorName, ManagerID)
VALUES('TG05', 'TRANG TRINH', 'QL09')
INSERT INTO AUTHOR(AuthorID, AuthorName, Place, ManagerID)
VALUES('TG06', 'HA TRINH', 'DA LAT', 'QL02')
INSERT INTO AUTHOR(AuthorID, AuthorName, Place, ManagerID)
VALUES('TG07', 'QUANG TRUNG', 'HA NOI', 'QL04')
INSERT INTO AUTHOR(AuthorID, AuthorName, Place, ManagerID)
VALUES('TG08', 'PHUONG LYLY', 'HO CHI MINH', 'QL06')
INSERT INTO AUTHOR(AuthorID, AuthorName, Place, ManagerID)
VALUES('TG09', 'CAT CAT', 'HO CHI MINH', 'QL08')
INSERT INTO AUTHOR(AuthorID, AuthorName, Place, ManagerID)
VALUES('TG10', 'KIM NGAN', 'HA NOI', 'QL10')
INSERT INTO AUTHOR(AuthorID, AuthorName, Place, ManagerID)
VALUES('TG11', 'NGUYEN HA', 'CAN THO', 'QL07')
INSERT INTO AUTHOR(AuthorID, AuthorName, ManagerID)
VALUES('TG12', 'NGUYEN KHOI', 'QL02')
INSERT INTO AUTHOR(AuthorID, AuthorName, Place, ManagerID)
VALUES('TG13', 'THAO VY', 'DA NANG', 'QL04')

INSERT INTO TOPIC(ID, Name)
VALUES('TP01', 'THOI SU')
INSERT INTO TOPIC(ID, Name)
VALUES('TP02', 'VAN HOA')
INSERT INTO TOPIC(ID, Name, ParentID)
VALUES('TP03', 'PHAP LUAT', 'TP01')
UPDATE TOPIC SET Active = 0 WHERE ID ='TP03'
INSERT INTO TOPIC(ID, Name, ParentID)
VALUES('TP04', 'KINH TE', 'TP01')
UPDATE TOPIC SET Active = 0 WHERE ID ='TP04'
INSERT INTO TOPIC(ID, Name, ParentID)
VALUES('TP05', 'THE THAO', 'TP02')
INSERT INTO TOPIC(ID, Name)
VALUES('TP06', 'GIAI TRI')
UPDATE TOPIC SET Active = 0 WHERE ID ='TP06'
INSERT INTO TOPIC(ID, Name, ParentID)
VALUES('TP07', 'GIAO DUC', 'TP02')
INSERT INTO TOPIC(ID, Name, ParentID)
VALUES('TP08', 'DU LICH', 'TP06')
UPDATE TOPIC SET Active = 0 WHERE ID ='TP08'
INSERT INTO TOPIC(ID, Name, ParentID)
VALUES('TP09', 'CONG NGHE', 'TP06')
INSERT INTO TOPIC(ID, Name, ParentID)
VALUES('TP10', 'SUC KHOE', 'TP01')


INSERT INTO ARTICLE(ArticleID, ArticleName, Topic, Author, AuthorID, ManagerID, ID)
VALUES('AC001', 'Sai Gon bao dung, nghia hiep nhung ngay gian cach len tranh ve', 'VAN HOA', 'LAM PHUONG', 'TG02', 'QL03', 'TP02')
UPDATE ARTICLE SET Approve = 1 where ArticleID = 'AC001'
INSERT INTO ARTICLE(ArticleID, ArticleName, Topic, Author, AuthorID, ManagerID, ID)
VALUES('AC002', 'Nang nong mien Trung keo dai, nhieu khu rung bao dong chay rung cap 5', 'THOI SU', 'QUANG SANG', 'TG01', 'QL01', 'TP01')
INSERT INTO ARTICLE(ArticleID, ArticleName, Topic, Author, AuthorID, ManagerID, ID)
VALUES('AC003', '6 quy dinh moi, dang chu y ve bao hiem y te co hieu luc tu hom nay 1-7', 'THOI SU', 'NGUYEN KHOI', 'TG12', 'QL02', 'TP01')
UPDATE ARTICLE SET Approve = 1 where ArticleID = 'AC003'
INSERT INTO ARTICLE(ArticleID, ArticleName, Topic, Author, AuthorID, ManagerID, ID)
VALUES('AC004', 'TP.HCM co hon 1.200 hoc sinh trong nhom du thi tot nghiep THPT dot 2', 'GIAO DUC', 'THAO VY', 'TG13', 'QL04', 'TP07')
UPDATE ARTICLE SET Approve = 1 where ArticleID = 'AC004'
INSERT INTO ARTICLE(ArticleID, ArticleName, Topic, Author, AuthorID, ManagerID, ID)
VALUES('AC005', '‘Tinh nguoi noi tuyen dau phong chong dich COVID-19’: Ne phuc, biet on và hanh phuc', 'VAN HOA', 'TRANG TRINH', 'TG05', 'QL09', 'TP02')
UPDATE ARTICLE SET Approve = 1 where ArticleID = 'AC005'
INSERT INTO ARTICLE(ArticleID, ArticleName, Topic, Author, AuthorID, ManagerID, ID)
VALUES('AC006', 'Nhieu nuoc mo cua du lich voi du khach da tiem vac xin', 'DU LICH', 'PHUONG LYLY', 'TG08', 'QL06', 'TP08')
INSERT INTO ARTICLE(ArticleID, ArticleName, Topic, Author, AuthorID, ManagerID, ID)
VALUES('AC007', 'Tinh uy Binh Duong xin loi nhan dan', 'PHAP LUAT', 'QUANG TRUNG', 'TG07', 'QL04', 'TP03')
INSERT INTO ARTICLE(ArticleID, ArticleName, Topic, Author, AuthorID, ManagerID, ID)
VALUES('AC008', 'Nha vo dich Viet Nam gap doi vo dich Thai Lan o AFC Champions League', 'THE THAO', 'NGUYEN HA', 'TG11', 'QL07', 'TP05')
UPDATE ARTICLE SET Approve = 1 where ArticleID = 'AC008'
INSERT INTO ARTICLE(ArticleID, ArticleName, Topic, Author, AuthorID, ManagerID, ID)
VALUES('AC009', 'Google va Microsoft cham dut thoa thuan ‘dinh chien’', 'CONG NGHE', 'HA TRINH', 'TG04', 'QL07', 'TP09')
UPDATE ARTICLE SET Approve = 1 where ArticleID = 'AC009'
INSERT INTO ARTICLE(ArticleID, ArticleName, Topic, Author, AuthorID, ManagerID, ID)
VALUES('AC010', 'Netflix go bo phim Pine Gap 6 tap vi co ban do ‘luoi bo’', 'GIAI TRI', 'CAT CAT', 'TG09', 'QL08', 'TP06')
INSERT INTO ARTICLE(ArticleID, ArticleName, Topic, Author, AuthorID, ManagerID, ID)
VALUES('AC011', 'Chay dua bao ve cong nhan truoc dich', 'THOI SU', 'QUANG SANG', 'TG01', 'QL01', 'TP01')
UPDATE ARTICLE SET Approve = 1 where ArticleID = 'AC011'
INSERT INTO ARTICLE(ArticleID, ArticleName, Topic, Author, AuthorID, ManagerID, ID)
VALUES('AC012', 'Phia sau doi tay trang bech, khuon mat in vet han cua cac ‘chien binh bat COVID-19’', 'THOI SU', 'QUANG SANG', 'TG01', 'QL01', 'TP01')
UPDATE ARTICLE SET Approve = 1 where ArticleID = 'AC012'
INSERT INTO ARTICLE(ArticleID, ArticleName, Topic, Author, AuthorID, ManagerID, ID)
VALUES('AC013', 'Ao xanh tinh nguyen ho tro lay mau xet nghiem COVID-19 cho thi sinh', 'GIAO DUC', 'THAO VY', 'TG13', 'QL04', 'TP07')
INSERT INTO ARTICLE(ArticleID, ArticleName, Topic, Author, AuthorID, ManagerID, ID)
VALUES('AC014', 'Co chung suc dong long, Viet Nam at thang dai dich', 'VAN HOA', 'TRANG TRINH', 'TG05', 'QL09', 'TP02')
INSERT INTO ARTICLE(ArticleID, ArticleName, Topic, Author, AuthorID, ManagerID, ID)
VALUES('AC015', 'Saigontourist Group ho tro phuc vu tinh nguyen vien y te tiep suc TP.HCM chong dich COVID-19', 'DU LICH', 'PHUONG LYLY', 'TG08', 'QL06', 'TP08')
UPDATE ARTICLE SET Approve = 1 where ArticleID = 'AC015'

INSERT INTO AR_US(ArticleID, UserID, Comment)
VALUES ('AC010', 'US001', 'bai hay, nhieu thong tin bo ich')
INSERT INTO AR_US(ArticleID, UserID, Comment)
VALUES ('AC009', 'US002', 'no comment')
INSERT INTO AR_US(ArticleID, UserID, Comment)
VALUES ('AC009', 'US009', 'bai hay')
INSERT INTO AR_US(ArticleID, UserID, Comment)
VALUES ('AC008', 'US003', 'bai hay')
INSERT INTO AR_US(ArticleID, UserID)
VALUES ('AC007', 'US004')
INSERT INTO AR_US(ArticleID, UserID)
VALUES ('AC006', 'US005')
INSERT INTO AR_US(ArticleID, UserID, Comment)
VALUES ('AC006', 'US006', 'bai hay, nhieu thong tin bo ich')
INSERT INTO AR_US(ArticleID, UserID, Comment)
VALUES ('AC005', 'US006', 'no comment')
INSERT INTO AR_US(ArticleID, UserID)
VALUES ('AC005', 'US005')
INSERT INTO AR_US(ArticleID, UserID, Comment)
VALUES ('AC004', 'US007', 'bai tot')
INSERT INTO AR_US(ArticleID, UserID, Comment)
VALUES ('AC003', 'US008', 'bai hay')
INSERT INTO AR_US(ArticleID, UserID)
VALUES ('AC002', 'US009')
INSERT INTO AR_US(ArticleID, UserID, Comment)
VALUES ('AC001', 'US010', 'bai hay, nhieu thong tin bo ich')
INSERT INTO AR_US(ArticleID, UserID)
VALUES ('AC001', 'US001')
INSERT INTO AR_US(ArticleID, UserID, Comment)
VALUES ('AC001', 'US004', 'bai tot')
